Workbook

Sheet Manual Data
A1: Condition | B1: Sample 1 (V) | C1: Sample 2 (V) | D1: Sample 3 (V)
A2: Completely Dry | B2: 3.29568 | C2: 3.296 | D2: 3.29565
A3: Blowing on it | B3: 3.29597 | C3: 3.2957 | D3: 3.29585
A4: Half wiped down with the wet wipe | B4: 1.383 | C4: 1.207 | D4: 1.143
A5: Entire surface wiped | B5: 0.919 | C5: 0.947 | D5: 0.988
A6: Wipe on entire surface | B6: 0.557 | C6: 0.556 | D6: 0.55

Sheet Automated Data
A1: Completely Dry | C1: Blowing on it | E1: Half wiped down with the wet wipe | G1: Entire surface wiped | I1: Wipe on entire surface
A2: Sample | B2: Voltage (V) | C2: Sample | D2: Voltage (V) | E2: Sample | F2: Voltage (V) | G2: Sample | H2: Voltage (V) | I2: Sample | J2: Voltage (V)
A3: 1 | B3: 4.983 | C3: 1 | D3: 2.856 | E3: 1 | F3: 1.685 | G3: 1 | H3: 2.292 | I3: 1 | J3: 0.714
A4: 2 | B4: 4.983 | C4: 2 | D4: 2.796 | E4: 2 | F4: 1.69 | G4: 2 | H4: 2.295 | I4: 2 | J4: 0.706
A5: 3 | B5: 4.983 | C5: 3 | D5: 2.736 | E5: 3 | F5: 1.691 | G5: 3 | H5: 2.3 | I5: 3 | J5: 0.699
A6: 4 | B6: 4.983 | C6: 4 | D6: 2.688 | E6: 4 | F6: 1.695 | G6: 4 | H6: 2.304 | I6: 4 | J6: 0.694
A7: 5 | B7: 4.983 | C7: 5 | D7: 2.646 | E7: 5 | F7: 1.695 | G7: 5 | H7: 2.305 | I7: 5 | J7: 0.684
A8: 6 | B8: 4.983 | C8: 6 | D8: 2.621 | E8: 6 | F8: 1.701 | G8: 6 | H8: 2.313 | I8: 6 | J8: 0.672
A9: 7 | B9: 4.983 | C9: 7 | D9: 2.604 | E9: 7 | F9: 1.703 | G9: 7 | H9: 2.317 | I9: 7 | J9: 0.671
A10: 8 | B10: 4.983 | C10: 8 | D10: 2.594 | E10: 8 | F10: 1.705 | G10: 8 | H10: 2.319 | I10: 8 | J10: 0.664
A11: 9 | B11: 4.983 | C11: 9 | D11: 2.61 | E11: 9 | F11: 1.707 | G11: 9 | H11: 2.323 | I11: 9 | J11: 0.658
A12: 10 | B12: 4.983 | C12: 10 | D12: 2.644 | E12: 10 | F12: 1.708 | G12: 10 | H12: 2.329 | I12: 10 | J12: 0.652

Sheet Summary Data
A1: Condition | B1: Measured | D1: Sampled with ADC | G1: Condition | H1: Measured Average (V) | I1: ADC Average (V)
B2: Average | C2: Std. Dev. | D2: Average | E2: Std. Dev. | G2: Completely Dry | H2: =B3 -> 3.2957767 | I2: =D3 -> 4.983
A3: Completely Dry | B3: =AVERAGE('Manual Data'!B2:D2) -> 3.2957767 | C3: =STDEV('Manual Data'!B2:D2) -> 0.00019399313 | D3: =AVERAGE('Automated Data'!B3:B12) -> 4.983 | E3: =STDEV('Automated Data'!B3:B12) -> 0 | G3: Blowing on it | H3: =B4 -> 3.29584 | I3: =D4 -> 2.6795
A4: Blowing on it | B4: =AVERAGE('Manual Data'!B3:D3) -> 3.29584 | C4: =STDEV('Manual Data'!B3:D3) -> 0.00013527749 | D4: =AVERAGE('Automated Data'!D3:D12) -> 2.6795 | E4: =STDEV('Automated Data'!D3:D12) -> 0.089215407 | G4: Half wiped down with the wet wipe | H4: =B5 -> 1.2443333 | I4: =D5 -> 1.698
A5: Half wiped down with the wet wipe | B5: =AVERAGE('Manual Data'!B4:D4) -> 1.2443333 | C5: =STDEV('Manual Data'!B4:D4) -> 0.12427926 | D5: =AVERAGE('Automated Data'!F3:F12) -> 1.698 | E5: =STDEV('Automated Data'!F3:F12) -> 0.0079162281 | G5: Entire surface wiped | H5: =B6 -> 0.95133333 | I5: =D6 -> 2.3097
A6: Entire surface wiped | B6: =AVERAGE('Manual Data'!B5:D5) -> 0.95133333 | C6: =STDEV('Manual Data'!B5:D5) -> 0.034703506 | D6: =AVERAGE('Automated Data'!H3:H12) -> 2.3097 | E6: =STDEV('Automated Data'!H3:H12) -> 0.012374256 | G6: Wipe on entire surface | H6: =B7 -> 0.55433333 | I6: =D7 -> 0.6814
A7: Wipe on entire surface | B7: =AVERAGE('Manual Data'!B6:D6) -> 0.55433333 | C7: =STDEV('Manual Data'!B6:D6) -> 0.0037859389 | D7: =AVERAGE('Automated Data'!J3:J12) -> 0.6814 | E7: =STDEV('Automated Data'!J3:J12) -> 0.021224724
